ntargets,p0x,p0y,p0z,p1x,p1y,p1z
4,0.0,0.0,-200.0,-0.40814371475891253,7.07718381885988,-197.3515691512129
